analysis_id,subgroup,arm,cumulative_risk_30d,risk_difference_vs_0_3h,risk_ratio_vs_0_3h
A1_t0_post_icu,t0>=ICU,0-3h,0.184993186414692,0,1
A1_t0_post_icu,t0>=ICU,3-6h,0.205254755444358,0.0202615690296664,1.10952602715672
A1_t0_post_icu,t0>=ICU,6-12h,0.189860921967925,0.00486773555323289,1.02631305265158
A2s_shock_0,shock=0,0-3h,0.169358061123484,0,1
A2s_shock_0,shock=0,3-6h,0.202901430386315,0.0335433692628308,1.19806184517203
A2s_shock_0,shock=0,6-12h,0.210488880595067,0.0411308194715822,1.24286307500305
A2s_shock_1,shock=1,0-3h,0.225101417409499,0,1
A2s_shock_1,shock=1,3-6h,0.259661369760052,0.0345599523505523,1.15353058522809
A2s_shock_1,shock=1,6-12h,0.243939133124666,0.0188377157151668,1.08368546023368
